,public_transport,sales_per_customer
0,0.0,1.4314201927105152
1,10.0,1.466472303206997
2,20.0,1.6225448334756618
3,30.0,1.7625754527162978
4,40.0,1.510948905109489
5,50.0,2.4126984126984126
